<?xml version="1.0" encoding="UTF-8"?>
<project-private xmlns="http://www.netbeans.org/ns/project-private/1">
    <editor-bookmarks xmlns="http://www.netbeans.org/ns/editor-bookmarks/2" lastBookmarkId="0"/>
    <open-files xmlns="http://www.netbeans.org/ns/projectui-open-files/2">
        <group>
            <file>file:/D:/Coding/JavaReadTextFile/src/javareadtextfile/DriverClass.java</file>
            <file>file:/D:/Coding/JavaReadTextFile/src/javareadtextfile/VSN.java</file>
            <file>file:/D:/Coding/JavaReadTextFile/src/javareadtextfile/ReadFile.java</file>
            <file>file:/D:/Coding/JavaReadTextFile/src/javareadtextfile/HillClimbing.java</file>
            <file>file:/D:/Coding/JavaReadTextFile/src/javareadtextfile/BismillahTimeslot.java</file>
            <file>file:/D:/Coding/JavaReadTextFile/src/javareadtextfile/TimeSlot.java</file>
            <file>file:/D:/Coding/JavaReadTextFile/src/javareadtextfile/OuputFile.java</file>
            <file>file:/D:/Coding/JavaReadTextFile/src/javareadtextfile/MatriksConflict.java</file>
            <file>file:/D:/Coding/JavaReadTextFile/src/javareadtextfile/EvaluationFunction.java</file>
            <file>file:/D:/Coding/JavaReadTextFile/src/javareadtextfile/Fleksibel.java</file>
            <file>file:/D:/Coding/JavaReadTextFile/src/javareadtextfile/GeneticAlgorithm.java</file>
        </group>
    </open-files>
</project-private>
